,Time
0,2023-07-29 05:29:30
1,2023-07-29 07:39:22
2,2023-07-29 07:39:24
3,2023-08-06 23:15:14
4,2023-08-06 23:15:15
5,2023-08-07 22:16:10
6,2023-08-07 22:16:10
7,2023-08-13 22:12:09
8,2023-08-14 23:27:05
9,2023-08-15 20:26:16
10,2023-08-15 20:26:17
11,2023-08-15 21:32:33
12,2023-08-15 22:06:45
13,2023-08-15 22:06:47
14,2023-08-15 22:06:47
15,2023-08-15 22:06:53
16,2023-08-15 22:09:56
17,2023-08-15 22:10:01
18,2023-08-15 22:11:13
19,2023-08-15 22:11:14
20,2023-08-15 22:11:15
21,2023-08-15 22:11:30
22,2023-08-15 22:15:27
23,2023-08-15 22:15:28
24,2023-08-15 22:15:31
25,2023-08-15 22:15:31
26,2023-08-15 22:17:30
27,2023-08-15 22:17:30
28,2023-08-15 22:17:31
29,2023-08-15 22:49:27
30,2023-08-22 00:49:53
31,2023-08-22 00:49:53
32,2023-08-22 00:49:53
33,2023-08-22 00:49:54
34,2023-08-22 00:49:54
35,2023-08-22 00:49:54
36,2023-08-22 00:49:54
37,2023-08-22 00:49:54
38,2023-08-22 00:49:54
39,2023-08-22 00:49:54
40,2023-08-22 00:49:55
41,2023-08-22 00:50:20
42,2023-08-22 00:50:20
43,2023-08-22 00:50:20
44,2023-08-22 00:50:21
45,2023-08-22 00:50:21
46,2023-08-22 00:50:21
47,2023-08-22 00:50:21
48,2023-08-22 00:50:22
49,2023-08-22 00:50:22
50,2023-08-22 00:50:23
51,2023-08-22 00:50:23
52,2023-08-22 00:50:23
53,2023-08-22 00:50:23
54,2023-08-22 02:24:16
55,2023-08-22 02:24:16
56,2023-08-22 02:24:20
57,2023-08-22 02:24:29
58,2023-08-22 03:49:39
59,2023-08-22 03:49:40
60,2023-08-22 03:51:36
61,2023-08-22 03:51:36
62,2023-08-22 03:51:55
63,2023-08-22 03:51:55
64,2023-08-22 03:51:58
65,2023-08-22 03:52:06
66,2023-08-22 03:53:01
67,2023-08-22 03:53:03
68,2023-08-22 03:54:22
69,2023-08-22 03:54:22
70,2023-08-22 03:54:24
71,2023-08-22 03:54:26
72,2023-08-22 03:54:26
73,2023-08-22 03:54:29
74,2023-08-22 03:54:32
75,2023-08-22 03:54:33
76,2023-08-22 03:54:33
77,2023-08-22 03:54:35
78,2023-08-22 04:15:25
79,2023-08-22 05:49:22
80,2023-08-23 16:56:15
81,2023-08-23 16:59:11
82,2023-08-23 17:08:23
83,2023-08-23 17:11:08
84,2023-08-23 17:11:08
85,2023-08-23 20:42:31
86,2023-08-25 20:03:48
87,2023-08-25 20:03:50
88,2023-08-25 20:03:55
89,2023-08-25 20:04:06
90,2023-08-25 20:16:45
91,2023-08-25 20:16:50
92,2023-08-25 20:16:50
93,2023-08-25 20:17:54
94,2023-08-25 20:17:56
95,2023-08-25 20:26:41
96,2023-08-25 20:30:29
97,2023-08-25 20:30:30
98,2023-08-25 20:31:38
99,2023-08-25 20:31:38
100,2023-08-25 20:31:42
101,2023-08-25 20:37:16
102,2023-08-31 04:42:44
103,2023-08-31 04:42:45
104,2023-08-31 04:57:40
105,2023-08-31 04:57:41
106,2023-09-01 18:10:02
107,2023-09-01 18:10:03
108,2023-09-01 18:10:04
109,2023-09-01 18:10:05
110,2023-09-01 21:52:31
111,2023-09-06 18:59:08
112,2023-09-08 21:03:50
113,2023-09-10 16:10:57
114,2023-09-10 16:10:57
115,2023-09-10 16:10:58
116,2023-09-11 03:20:45
117,2023-09-11 03:20:46
118,2023-09-11 03:20:47
119,2023-09-11 03:20:58
120,2023-09-15 03:51:27
121,2023-09-15 03:52:13
122,2023-09-15 03:52:14
123,2023-09-15 05:31:07
124,2023-09-15 05:41:12
125,2023-09-21 06:37:10
126,2023-09-21 06:38:00
127,2023-09-26 05:45:18
128,2023-09-26 05:45:20
129,2023-10-04 03:21:23
130,2023-10-04 03:39:20
131,2023-10-04 03:39:42
132,2023-10-04 03:39:42
133,2023-10-04 03:39:43
134,2023-10-04 03:39:44
135,2023-10-04 03:39:49
136,2023-10-04 03:39:55
137,2023-10-04 03:39:56
138,2023-10-04 03:39:57
139,2023-10-04 03:40:00
140,2023-10-04 03:40:01
141,2023-10-04 03:40:02
142,2023-10-04 03:46:29
143,2023-10-04 03:46:35
144,2023-10-06 04:14:31
145,2023-10-06 04:14:32
146,2023-10-06 04:14:40
147,2023-10-06 04:14:42
148,2023-10-10 01:49:24
149,2023-10-10 01:49:26
150,2023-10-10 01:49:36
151,2023-10-10 01:49:37
152,2023-10-10 19:39:29
153,2023-10-10 19:39:30
154,2023-10-10 19:39:34
155,2023-10-10 19:39:58
156,2023-10-11 03:50:45
157,2023-10-11 03:50:48
158,2023-10-11 03:50:49
159,2023-10-11 03:51:25
160,2023-10-11 03:52:16
161,2023-10-11 03:52:18
162,2023-10-11 03:52:22
163,2023-10-11 03:52:23
164,2023-10-11 03:52:26
165,2023-10-11 03:56:20
166,2023-10-11 03:56:21
167,2023-10-11 03:56:21
168,2023-10-11 03:56:22
169,2023-10-11 03:56:24
170,2023-10-11 03:56:24
171,2023-10-11 03:56:25
172,2023-10-11 03:57:16
173,2023-10-11 03:57:19
174,2023-10-11 03:57:21
175,2023-10-11 03:57:21
176,2023-10-11 03:57:22
177,2023-10-11 03:58:39
178,2023-10-11 03:58:43
179,2023-10-11 03:58:45
180,2023-10-11 04:01:21
181,2023-10-11 04:01:27
182,2023-10-11 04:04:25
183,2023-10-11 04:04:27
184,2023-10-11 04:04:43
185,2023-10-11 04:04:46
186,2023-10-11 04:04:47
187,2023-10-11 04:59:21
188,2023-10-11 05:00:10
189,2023-10-11 05:48:54
190,2023-10-11 05:48:57
191,2023-10-11 05:49:00
192,2023-10-11 05:49:00
193,2023-10-11 05:49:01
194,2023-10-11 05:49:04
195,2023-10-11 05:49:04
196,2023-10-11 05:52:42
197,2023-10-11 05:52:42
198,2023-10-11 07:02:47
199,2023-10-11 07:02:48
200,2023-10-11 07:02:48
201,2023-10-11 07:02:56
202,2023-10-11 07:02:57
203,2023-10-11 07:02:57
204,2023-10-11 07:02:58
205,2023-10-11 07:03:01
206,2023-10-11 07:03:03
207,2023-10-11 07:03:07
208,2023-10-20 16:43:48
209,2023-10-20 16:44:52
210,2023-10-20 16:44:58
211,2023-10-20 16:44:59
212,2023-10-24 03:52:19
213,2023-10-24 03:52:20
